{
	"class_name" : "PinholeCameraParameters",
	"extrinsic" : 
	[
		0.81137902395259531,
		-0.35864488873123729,
		0.46156031380166596,
		0.0,
		-0.20558360518512628,
		-0.91428409742070027,
		-0.34902717728380639,
		0.0,
		0.54717406807049995,
		0.18830409711573953,
		-0.81556244778717357,
		0.0,
		0.83414850373042115,
		0.098404329512638569,
		0.63487092037121862,
		1.0
	],
	"intrinsic" : 
	{
		"height" : 1052,
		"intrinsic_matrix" : 
		[
			911.05872478122956,
			0.0,
			0.0,
			0.0,
			911.05872478122956,
			0.0,
			959.5,
			525.5,
			1.0
		],
		"width" : 1920
	},
	"version_major" : 1,
	"version_minor" : 0
}